1,あっ！飛行機雲だ！
2,今宵も満月なり。
3,ラベンダー畑と星空の対比がきれい。
4,"みなさん、こんにちは。
こちらはうっすら雲はあるものの晴れています。気温も上がって過ごしやすい一日になりそう。"
5,午前中は雲が多かったですが、昼過ぎから晴れ間が出てきました。
6,すじ雲です。
7,"満天の星空！！
明日もいい日になりそう！！"
8,"現在晴れの天気が継続中。
午前中と比べると雲が少し多くなった様子ですが、
まだ下り坂にはならなそう。"
9,スーパームーン
10,体感ちょうどよく、気持ちのいい天気です。
11,"こんにちは。
だんだんと雲が増えてきてますが、雨を降らせるような感じではないです。"
12,きれいな夕日〜♪
13,こんにちは。西方向の雲が厚くなってきました。
14,"どんどん雲が侵食中。
まだ雨にはならなそうな空だけどね。"
15,山の天気は変わりやすい
16,真っ白な銀世界
17,薄曇りになってきました。穏やかな陽気。
18,冷たい風がやや強く吹いています。
19,幻想的な世界
20,南寄りの風が冷たいです
21,ご来光、かな？
22,午前中は雲が多かったですが、昼過ぎから晴れ間が出てきました。
23,"ベランダから撮影
こんにちは、今日もいい天気です。"
24,今朝はちらほら雪がふっていましたが、今は止みました。
25,今日も1日晴れてくれればいいのになぁ。
26,眩しい光は雲の中
27,"夕焼けと雲
今日は降るのかなぁ？"
28,散歩してたら、もうこんな季節かぁ
29,今の周辺の空の様子です。
30,少しひんやりしてきました。
31,オレンジが映える
32,雲は多いけど、今の所暖かいです。
33,晴れてはいますが、今日も北風が冷たいです。
34,ひさびさに虹が見れました！！
35,夕焼け小焼けのまた明日
36,南の空です。
37,"風が出てきて、寒くなってきました。
天気は下り坂のようです。"
38,日の出と雪模様
39,チラチラ雪が降り始めました
40,おっきな入道雲！！
41,"こんにちは^_^ ギラギラ太陽が眩しいです。"
42,夕焼けに飛び立つ飛行機
43,"今朝、虹が出ました。
今日はいい日になりそう。"
44,今日も朝から雪です。
45,"風が出てきて、寒くなってきました。
天気は下り坂のようです。"
46,明日は晴れるといいなぁ。
47,ギラギラ眩しいお天道様
48,なんだか幻想的な色になっちゃった
49,"夕日が沈む。。。
明日もいい日になるといいな。"
50,おっきなお月さま